--------------
/* Osmar Santana */

    /* enable warnings! */

use a_vets
--------------

Query OK, 0 rows affected (0.00 sec)

--------------
/*  TASK 00 */ 
select user(), current_date(), version(), @@sql_mode
--------------

*************************** 1. row ***************************
        user(): vinicius5581@localhost
current_date(): 2015-02-18
     version(): 5.5.41-0ubuntu0.14.04.1
    @@sql_mode: 
1 row in set (0.00 sec)

--------------
/*  TASK 01 */
select
    stf_job_title as "Job tile",
    stf_name_last as "Last name"
from 
    vt_staff
join
    vt_staff_pay using (stf_id)
where
    stf_salary > 3000
--------------

+-----------+------------+
| Job tile  | Last name  |
+-----------+------------+
| vet       | Dolittle   |
| clerical  | Horn       |
| vet       | Wilkommen  |
| vet       | Wasilewski |
| vet assnt | Webster    |
| vet       | Wabich     |
| kennel    | Halvers    |
| vet assnt | Gordon     |
| vet assnt | Helfen     |
+-----------+------------+
9 rows in set (0.00 sec)

--------------
select 
    stf_job_title as "Job tile",
    stf_name_last as "Last name"
from 
    vt_staff 
where 
    stf_id in ( 
        select 
            stf_id 
        from 
            a_vets.vt_staff_pay
        where
            stf_salary > 3000
     )
--------------

+-----------+------------+
| Job tile  | Last name  |
+-----------+------------+
| vet       | Dolittle   |
| clerical  | Horn       |
| vet       | Wilkommen  |
| vet       | Wasilewski |
| vet assnt | Webster    |
| vet       | Wabich     |
| kennel    | Halvers    |
| vet assnt | Gordon     |
| vet assnt | Helfen     |
+-----------+------------+
9 rows in set (0.00 sec)

--------------
/*  TASK 02 */

select
    cl_id as "Client ID",
    an_id as "Animal ID",
    an_name as "Animal name",
    an_dob as "Animal DOB",
    an_type
from
    vt_animals
where 
    cl_id in(
        select 
	    cl_id
	from 
	    vt_clients
	where 
	    cl_state = 'NY'

	or
	    cl_state = 'MA'
    )
and an_type not in ("dog","bird","cat")
--------------

+-----------+-----------+-------------+------------+-----------+
| Client ID | Animal ID | Animal name | Animal DOB | an_type   |
+-----------+-----------+-------------+------------+-----------+
|      3560 |     12038 | Gutsy       | 2012-04-29 | porcupine |
|      7152 |     17026 | 3P#_26      | 2010-01-10 | lizard    |
|      7152 |     17027 | 3P#_25      | 2010-01-10 | lizard    |
+-----------+-----------+-------------+------------+-----------+
3 rows in set (0.00 sec)

--------------
                 

/*  TASK 03 */

set @myvar = 250
--------------

Query OK, 0 rows affected (0.00 sec)

--------------
select 
    srv_id as "Service ID",
    ex_fee as "Fee charged",
    ex_id as "Exam ID",
    ex_date as "Exam date"
from vt_exam_details
join vt_exam_headers using (ex_id)
where 
    ex_fee > @myvar
--------------

+------------+-------------+---------+---------------------+
| Service ID | Fee charged | Exam ID | Exam date           |
+------------+-------------+---------+---------------------+
|        605 |      535.00 |    3010 | 2014-10-22 10:45:00 |
|       4601 |      275.00 |    3486 | 2014-12-31 13:00:00 |
|       4601 |      275.00 |    4103 | 2015-01-08 15:30:00 |
+------------+-------------+---------+---------------------+
3 rows in set (0.00 sec)

--------------
/*  TASK 04 */

set @animal_id = 15001
--------------

Query OK, 0 rows affected (0.00 sec)

--------------
select 
    cl_id as "Client ID",
    cl_name_last as "Client last name",
    an_type as "Animal Type",
    srv_id as "Service ID",
    srv_desc as "Service Description",
    ex_fee as "Fee charged"
from vt_clients 
join vt_animals using (cl_id)
join vt_exam_headers using (an_id)
join vt_exam_details using (ex_id)
join vt_services using (srv_id)
where vt_animals.an_id = @animal_id
--------------

+-----------+------------------+-------------+------------+-------------------------+-------------+
| Client ID | Client last name | Animal Type | Service ID | Service Description     | Fee charged |
+-----------+------------------+-------------+------------+-------------------------+-------------+
|      5699 | Biederbecke      | chelonian   |        104 | Routine Exam-Reptile    |       30.00 |
|      5699 | Biederbecke      | chelonian   |       1002 | Scaly Mite Powder       |       25.00 |
|      5699 | Biederbecke      | chelonian   |        687 | Vitamin E- Concentrated |       45.00 |
|      5699 | Biederbecke      | chelonian   |        104 | Routine Exam-Reptile    |       30.00 |
|      5699 | Biederbecke      | chelonian   |        104 | Routine Exam-Reptile    |       60.00 |
|      5699 | Biederbecke      | chelonian   |        615 | antibiotics             |       75.00 |
+-----------+------------------+-------------+------------+-------------------------+-------------+
6 rows in set (0.00 sec)

--------------
set @animal_id = 16004
--------------

Query OK, 0 rows affected (0.00 sec)

--------------
select 
    cl_id as "Client ID",
    cl_name_last as "Client last name",
    an_type as "Animal Type",
    srv_id as "Service ID",
    srv_desc as "Service Description",
    ex_fee as "Fee charged"
from vt_clients 
join vt_animals using (cl_id)
join vt_exam_headers using (an_id)
join vt_exam_details using (ex_id)
join vt_services using (srv_id)
where vt_animals.an_id = @animal_id
--------------

Empty set (0.00 sec)

--------------
set @animal_id = 15401
--------------

Query OK, 0 rows affected (0.00 sec)

--------------
select 
    cl_id as "Client ID",
    cl_name_last as "Client last name",
    an_type as "Animal Type",
    srv_id as "Service ID",
    srv_desc as "Service Description",
    ex_fee as "Fee charged"
from vt_clients 
join vt_animals using (cl_id)
join vt_exam_headers using (an_id)
join vt_exam_details using (ex_id)
join vt_services using (srv_id)
where vt_animals.an_id = @animal_id
--------------

+-----------+------------------+-------------+------------+-----------------------+-------------+
| Client ID | Client last name | Animal Type | Service ID | Service Description   | Fee charged |
+-----------+------------------+-------------+------------+-----------------------+-------------+
|       411 | Carter           | lizard      |        104 | Routine Exam-Reptile  |       30.00 |
|       411 | Carter           | lizard      |        110 | Dental Cleaning-Other |       75.00 |
+-----------+------------------+-------------+------------+-----------------------+-------------+
2 rows in set (0.00 sec)

--------------
/*  TASK 05 */

select 
    srv_id,
    srv_desc
from 
    vt_services
where
    srv_desc like '%Feline%'
and
    srv_desc not like '%Dental%'
order by
    srv_type, srv_id
--------------

+--------+--------------------------------------------+
| srv_id | srv_desc                                   |
+--------+--------------------------------------------+
|    225 | Feline PCR Series                          |
|    551 | First Feline PCR                           |
|    552 | Second Feline PCR                          |
|    553 | Third Feline PCR                           |
|    108 | Routine Exam-Feline                        |
|    308 | Followup Exam-Feline                       |
|   4601 | Feline Behaviour Modification Consultation |
+--------+--------------------------------------------+
7 rows in set (0.00 sec)

--------------
    


/*  TASK 06 */


select 
    cl_id,
    cl_name_last
from 
    vt_clients
where
    cl_id in (
        select 
            cl_id
        from 
            vt_animals
        where
            an_type in  ('snake', 'chelonian', 'crocodilian','lizard')
    )
--------------

+-------+--------------+
| cl_id | cl_name_last |
+-------+--------------+
|   411 | Carter       |
|  1852 | Dalrymple    |
|  4534 | Montgomery   |
|  5699 | Biederbecke  |
|  7152 | Brubeck      |
+-------+--------------+
5 rows in set (0.00 sec)

--------------
/*  TASK 07 */

select 
    cl_id,
    cl_name_last
from 
    vt_clients
where
    cl_id in (
        select 
            cl_id
        from 
            vt_animals
        where
            an_type = 'bird'
    )
and
    cl_id in (
        select 
            cl_id
        from 
            vt_animals
        where
            an_type in  ('snake', 'chelonian', 'crocodilian','lizard')
    )
--------------

+-------+--------------+
| cl_id | cl_name_last |
+-------+--------------+
|  4534 | Montgomery   |
+-------+--------------+
1 row in set (0.00 sec)

--------------
/*  TASK 08 */

select 
    cl_id,
    cl_name_last
from 
    vt_clients
where
    cl_id in (
        select 
            cl_id
        from 
            vt_animals
        where
            an_type = 'bird'
    )
and
    cl_id not in (
        select 
            cl_id
        from 
            vt_animals
        where
            an_type in  ('snake', 'chelonian', 'crocodilian','lizard')
    )
--------------

+-------+--------------+
| cl_id | cl_name_last |
+-------+--------------+
|  3560 | Monk         |
+-------+--------------+
1 row in set (0.00 sec)

--------------
/*  TASK 09 */

select 
    cl_id,
    cl_name_last
from 
    vt_clients
where
    cl_id in (
        select 
            cl_id
        from 
            vt_animals
        where
            an_type = 'dog'
    )
and
    cl_id in (
        select 
            cl_id
        from 
            vt_animals
        where
            an_type in  ('hamster', 'capybara', 'porcupine', 'dormouse')
    )
--------------

Empty set (0.00 sec)

Bye
